,A_MICU,A_SICU,B_MICU,B_SICU,ALL
HR,0.0970745849073179,0.03578601699170503,0.09251661215158369,0.08970688529612358,0.08067428875299121
O2Sat,0.1406678575263307,0.06163510012251705,0.13401550340258084,0.09605278034085485,0.10906354692900821
Temp,0.7363319570119183,0.4968015023398743,0.7359345361001806,0.5090173709759185,0.6191970220685987
SBP,0.17293332161995956,0.09589467553073971,0.12477529226318385,0.10181514480676024,0.12245679340600901
MAP,0.14560699678858335,0.04426680592098653,0.13074841511868007,0.10408726699806337,0.10789364530709922
DBP,0.7373910412213145,0.21447006366868182,0.1250195605460923,0.10211785129452611,0.2707322520606221
Resp,0.14215643210635742,0.048338990540079174,0.18995675688054137,0.18032553712166244,0.14673544270140915
EtCO2,1.0,1.0,0.9646497994328396,0.9003074476737188,0.9610773730390854
BaseExcess,0.9461184807754254,0.8042288457289763,0.9990839939390932,0.9962726984277498,0.9454496144642383
HCO3,0.9242681581695902,0.9190232782341481,0.9990916273229341,0.9971151707009296,0.9652507311885137
FiO2,0.8860435151834607,0.8179216292755428,0.9863667764601709,0.9584781522504221,0.9206934325977134
pH,0.9433316739387195,0.7729568780252667,0.9894353967642086,0.957132384853005,0.9241159266152619
PaCO2,0.9533856530693919,0.8351995420675249,0.9895384474460606,0.9570776788612401,0.9395033235841531
SaO2,0.9891748904311498,0.8634286689831088,0.9899201166381051,0.9654294602706852,0.9558234512097846
AST,0.9830058469257275,0.9917552069734279,0.976973897643956,0.9814072569321609,0.982712044668971
BUN,0.9246390816714984,0.915016369077507,0.9426007702084296,0.9407096461251746,0.9322924754054773
Alkalinephos,0.9833133229865199,0.9918405671935568,0.9769395474166721,0.9812941978825134,0.9827545865461313
Calcium,0.9404082110749948,0.9753158328144771,0.9383337086413722,0.910373350158465,0.938465301781441
Chloride,0.9241168604253907,0.9113559219908012,0.9972596152011206,0.9881725645804232,0.9604754054772667
Creatinine,0.9328140404306617,0.9344333085621321,0.9425282530619411,0.9406658813317627,0.9381536825312417
Bilirubin_direct,0.9988530654875204,0.999784088854968,0.997923719595278,0.9974105830564602,0.9983706461047593
Glucose,0.9241266215701778,0.7761001426017795,0.8355998122187576,0.68294960119332,0.7977729327306567
Lactate,0.9765342079319063,0.9553415413043042,0.99245058338136,0.9595430955567793,0.9715256580696623
Magnesium,0.9287631653440316,0.9259073289280765,0.9518944150347128,0.9455784793922529,0.9395075777718692
Phosphate,0.940188585317286,0.974452188234349,0.9754663043353804,0.9649371063448009,0.9644934857750598
Potassium,0.9157808427772409,0.8502681315149933,0.9304789566690966,0.8988814448217132,0.9010720553044403
Bilirubin_total,0.9844065712026706,0.9936481953845226,0.976844130118661,0.9812394918907484,0.9833331560755119
TroponinI,0.9981893076420002,0.9992016308823234,0.9752563862797559,0.9888618600766613,0.989293273065674
Hct,0.9059269671147032,0.8428417923637751,0.9427687046529292,0.9334957493444399,0.9108705131613932
Hgb,0.9314670024500473,0.8870433228223101,0.9403260218238444,0.9339881032703242,0.9252613666578038
PTT,0.9561285347545561,0.9524292514410814,0.9925994343662574,0.9849449110662927,0.9739111938314278
WBC,0.9348394779739768,0.9173612645363434,0.9489250287206067,0.9399109386454068,0.9365413453868652
Fibrinogen,0.9941921188516989,0.9931962883367812,0.9966642112615312,0.9892156254900745,0.9932188247806435
Platelets,0.940271555047976,0.9288949366325895,0.9484937425335964,0.9384776416611657,0.9396298856687051
