experiment,node,seed,run_dir,model,partition,lookback,algorithm,fl_mode,dp,epsilon,budget_rule,alpha0,staleness_lambda,norm,test_auroc,test_auprc,prevalence,test_ece,test_brier,auroc_lo,auroc_hi,auprc_lo,auprc_hi,wall_clock_s,sim_time,bytes_total,best_val_auprc,best_version,eps_spent.A_MICU,eps_spent.A_SICU,eps_spent.B_MICU,eps_spent.B_SICU,eps_spent.D0,eps_spent.D1,eps_spent.D2,eps_spent.D3,eps_spent.D4,eps_spent.D5,eps_spent.D6,eps_spent.D7,eps_spent.A,eps_spent.B,own_test_auroc,own_test_auprc
abl_dropout_fedavg,,0,C:\Users\Shrikar\fedguard-work\runs\abl_dropout_fedavg\20260928-022647_0,patchtst,unit,24,fedavg,sync,False,,,,,site,0.7856999092869833,0.10053129166893884,0.01661984684928772,0.04223858355181617,0.02847479347513468,0.7595564766316835,0.8123010040875257,0.08020815654547218,0.125220114581148,1496.1945970058441,3038.6039986799924,687756420.0,0.10208200561595808,34.0,0.0,0.0,0.0,0.0,,,,,,,,,,,,
abl_dropout_fedguard_async_nodp,,0,C:\Users\Shrikar\fedguard-work\runs\abl_dropout_fedguard_async_nodp\20260928-025150_0,patchtst,unit,24,fedguard_async,async,False,,,4.0,0.35,site,0.7899055212737485,0.08875971693187465,0.01661984684928772,0.09673976809650847,0.04911921163889235,0.762357616723386,0.815432560590402,0.0716374011085837,0.1117422288925535,1691.8001279830933,1975.1872100286769,787707180.0,0.09872219921098879,108.0,0.0,0.0,0.0,0.0,,,,,,,,,,,,
abl_imbalance_fedavg,,0,C:\Users\Shrikar\fedguard-work\runs\abl_imbalance_fedavg\20260928-032008_0,patchtst,unit,24,fedavg,sync,False,,,,,site,0.7841901060363536,0.10000660477744557,0.01661984684928772,0.045750109836993465,0.03119053108356619,0.75636596144368,0.8103973527897503,0.08042856750628707,0.12290647224568756,1640.1099905967712,6313.168073531528,761529600.0,0.09753673947894766,33.0,0.0,0.0,0.0,0.0,,,,,,,,,,,,
abl_imbalance_fedguard_async_nodp,,0,C:\Users\Shrikar\fedguard-work\runs\abl_imbalance_fedguard_async_nodp\20260928-034735_0,patchtst,unit,24,fedguard_async,async,False,,,4.0,0.35,site,0.7631057907879032,0.08661163165743999,0.01661984684928772,0.09393620560218975,0.04741041858344434,0.7338929274397058,0.7912126672068228,0.06811359603829081,0.10867614377488521,1776.879459142685,1739.770515627323,828163440.0,0.08981953204095873,152.0,0.0,0.0,0.0,0.0,,,,,,,,,,,,
abl_lookback12_patchtst,,0,C:\Users\Shrikar\fedguard-work\runs\abl_lookback12_patchtst\20260928-054320_0,patchtst,unit,12,centralized,,False,,,,,pooled,0.8226235746228786,0.11769191564833532,0.01661984684928772,0.24344094064590963,0.13803219851141205,0.8013049598302902,0.8442921745239874,0.09689159233481807,0.14564096106625282,577.178230047226,,,,,,,,,,,,,,,,,,,,
abl_lookback48_patchtst,,0,C:\Users\Shrikar\fedguard-work\runs\abl_lookback48_patchtst\20260928-055304_0,patchtst,unit,48,centralized,,False,,,,,pooled,0.8257493744613369,0.10863981921381138,0.01661984684928772,0.2848237468238121,0.16006355997540622,0.804571009165748,0.8477118923957698,0.09026900236647542,0.1373585533575295,618.8124182224274,,,,,,,,,,,,,,,,,,,,
abl_nodes_dirichlet_fedavg,,0,C:\Users\Shrikar\fedguard-work\runs\abl_nodes_dirichlet_fedavg\20260928-010127_0,patchtst,dirichlet,24,fedavg,sync,False,,,,,site,0.7773509842019083,0.08839430799884096,0.01661984684928772,0.010056960027772531,0.016600552700337334,0.7525321871275397,0.8032147146253277,0.06965944594262943,0.11492260959373023,3155.4554035663605,3097.6252649553803,1523059200.0,0.07650835669397216,26.0,,,,,0.0,0.0,0.0,0.0,0.0,0.0,0.0,0.0,,,,
abl_nodes_dirichlet_fedguard_async_nodp,,0,C:\Users\Shrikar\fedguard-work\runs\abl_nodes_dirichlet_fedguard_async_nodp\20260928-015409_0,patchtst,dirichlet,24,fedguard_async,async,False,,,4.0,0.35,site,0.737734679662422,0.05742861093080338,0.01661984684928772,0.011263086733876928,0.017466006334103158,0.7101198049632215,0.7631404027709321,0.045730661445982826,0.07337582714461183,1951.4293072223663,890.7085428341298,918595080.0,0.05213537982979301,160.0,,,,,0.0,0.0,0.0,0.0,0.0,0.0,0.0,0.0,,,,
abl_nodes_hospital_fedavg,,0,C:\Users\Shrikar\fedguard-work\runs\abl_nodes_hospital_fedavg\20260927-053028_0,patchtst,hospital,24,fedavg,sync,False,,,,,site,0.7955323451216088,0.09782004645540572,0.01661984684928772,0.1051310120034083,0.056067218084004965,0.7706347350025792,0.8199271291428596,0.07993389752450182,0.12148980962203532,1498.2944979667664,1727.4575665531645,380764800.0,0.0983124124220124,19.0,,,,,,,,,,,,,0.0,0.0,,
abl_nodes_hospital_fedguard_async_nodp,,0,C:\Users\Shrikar\fedguard-work\runs\abl_nodes_hospital_fedguard_async_nodp\20260928-003319_0,patchtst,hospital,24,fedguard_async,async,False,,,4.0,0.35,site,0.7544680929830615,0.06113257203750918,0.01661984684928772,0.2029759136868992,0.08941621835138813,0.7243089240095624,0.7828139823092315,0.05021326974989,0.07513500277640149,1665.8657541275024,2979.6683694739772,771048720.0,0.07891770320627474,36.0,,,,,,,,,,,,,0.0,0.0,,
abl_rule_equal_noise,,0,C:\Users\Shrikar\fedguard-work\runs\abl_rule_equal_noise\20260929-061206_0,patchtst,unit,24,fedguard_async,async,True,3.0,equal_noise,4.0,0.35,public,0.6401654958820914,0.026036719707047087,0.01661984684928772,0.01596105454226158,0.01659760466829434,0.6117999431529499,0.6688238805146497,0.021854043186959857,0.03554309516429641,899.9614400863647,2230.335924389643,761529600.0,0.027821228789793047,112.0,3.3954104378996446,3.3954104378996446,2.994444693058947,2.994444693058947,,,,,,,,,,,,
abl_rule_inverse,,0,C:\Users\Shrikar\fedguard-work\runs\abl_rule_inverse\20260929-055610_0,patchtst,unit,24,fedguard_async,async,True,3.0,inverse,4.0,0.35,public,0.6413471327626328,0.026346347130644335,0.01661984684928772,0.015972903653563846,0.016597952137925455,0.6129185059303698,0.6710069889026489,0.022101016019473983,0.03650303483868494,946.9668264389038,2230.335924389643,761529600.0,0.027897557523743705,112.0,2.995176600407973,2.964422615099013,2.681986181459972,2.681986181459972,,,,,,,,,,,,
async_nodp,,0,C:\Users\Shrikar\fedguard-work\runs\async_nodp\20260926-210356_0,patchtst,unit,24,fedguard_async,async,False,,,4.0,0.35,site,0.7654605108546801,0.08336879396206327,0.01661984684928772,0.11345429917385379,0.05565947462071298,0.7378122620047952,0.7920029724004752,0.06673096865644246,0.10411326432057809,2915.7469873428345,1526.6861892369616,785327400.0,0.07997782780907364,120.0,0.0,0.0,0.0,0.0,,,,,,,,,,,,
async_nodp,,1,C:\Users\Shrikar\fedguard-work\runs\async_nodp\20260926-215242_1,patchtst,unit,24,fedguard_async,async,False,,,4.0,0.35,site,0.7695762281799418,0.08188878578371732,0.01661984684928772,0.11463173137665056,0.06136541011020618,0.7420274006899256,0.795470853595192,0.0648481451268347,0.10512597775724176,3100.3676013946533,1513.2737615390802,790086960.0,0.08498066508978469,156.0,0.0,0.0,0.0,0.0,,,,,,,,,,,,
async_nodp,,2,C:\Users\Shrikar\fedguard-work\runs\async_nodp\20260926-222744_2,patchtst,unit,24,fedguard_async,async,False,,,4.0,0.35,site,0.758767493895065,0.0866412607537333,0.01661984684928772,0.08264201938608261,0.038483495285861154,0.732466701366638,0.7857567563703468,0.06807647944019199,0.10951633098644309,2722.02286028862,1524.608122826369,780567840.0,0.07743288558540382,116.0,0.0,0.0,0.0,0.0,,,,,,,,,,,,
centralized_gru,,0,C:\Users\Shrikar\fedguard-work\runs\centralized_gru\20260927-051033_0,gru,unit,24,centralized,,False,,,,,pooled,0.8204177386039729,0.10248154989283216,0.01661984684928772,0.25601028387717867,0.1393055803940405,0.7982781752337218,0.8417409172247047,0.08350925302178155,0.12895606312350555,505.15551948547363,,,,,,,,,,,,,,,,,,,,
centralized_gru,,1,C:\Users\Shrikar\fedguard-work\runs\centralized_gru\20260927-051905_1,gru,unit,24,centralized,,False,,,,,pooled,0.8246283723869042,0.11277602975407416,0.01661984684928772,0.2539871823770928,0.13774020913375665,0.7997672544437217,0.8481665104087242,0.09010927005290596,0.1431944230903881,323.5025267601013,,,,,,,,,,,,,,,,,,,,
centralized_gru,,2,C:\Users\Shrikar\fedguard-work\runs\centralized_gru\20260927-052435_2,gru,unit,24,centralized,,False,,,,,pooled,0.8103123621601322,0.09843962547539949,0.01661984684928772,0.24425482266856963,0.12466263532118471,0.7867394364940598,0.8349029474500228,0.08097477244198441,0.12238611295124241,343.55065298080444,,,,,,,,,,,,,,,,,,,,
centralized_lgbm,,0,C:\Users\Shrikar\fedguard-work\runs\centralized_lgbm\20260927-051123_0,lgbm,unit,24,centralized,,False,,,,,pooled,0.8166234208989951,0.09225338346597599,0.01661984684928772,0.16491396744911446,0.0779689249063847,0.794430332248931,0.8403968109701216,0.07663782924539754,0.11275004968923744,96.15170931816101,,,,,,,,,,,,,,,,,,,,
centralized_lr,,0,C:\Users\Shrikar\fedguard-work\runs\centralized_lr\20260927-050807_0,lr,unit,24,centralized,,False,,,,,pooled,0.7984119136501263,0.08278636682320925,0.01661984684928772,0.3221102964250786,0.16303825745835246,0.7762448978019094,0.8207743370795156,0.06804310468657135,0.10411324132267617,78.20833802223206,,,,,,,,,,,,,,,,,,,,
centralized_patchtst,,0,C:\Users\Shrikar\fedguard-work\runs\centralized_patchtst\20260926-174650_0,patchtst,unit,24,centralized,,False,,,,,pooled,0.822541350292342,0.11097526048327873,0.01661984684928772,0.2682082970719921,0.15347758366063627,0.8007544134084488,0.8443849591000984,0.0914923885802184,0.13748720806551615,741.745513677597,,,,,,,,,,,,,,,,,,,,
centralized_patchtst,,1,C:\Users\Shrikar\fedguard-work\runs\centralized_patchtst\20260926-231636_1,patchtst,unit,24,centralized,,False,,,,,pooled,0.8225748978814096,0.1045691963528473,0.01661984684928772,0.21485123609226522,0.11915921456501291,0.7957815355158006,0.8452088903918656,0.08631410543087285,0.1278591462808294,1673.5502479076385,,,,,,,,,,,,,,,,,,,,
centralized_patchtst,,2,C:\Users\Shrikar\fedguard-work\runs\centralized_patchtst\20260927-023801_2,patchtst,unit,24,centralized,,False,,,,,pooled,0.8027944533603488,0.10160912828247762,0.01661984684928772,0.15543518038525406,0.07969876250584829,0.7774543198191441,0.8266702108883988,0.08268804115789215,0.12622855948543488,1088.6648788452148,,,,,,,,,,,,,,,,,,,,
dp_diag,,0,C:\Users\Shrikar\fedguard-work\runs\dp_diag\20260927-040727_0,patchtst,unit,24,fedguard_async,async,True,3.0,adaptive,4.0,0.35,public,0.7228757617924038,0.05298983232158307,0.01661984684928772,0.01620350907604991,0.01685925072572048,0.6945768286843694,0.7520113090010424,0.04135879058800556,0.07011525955737016,1234.5274758338928,2230.335924389643,761529600.0,0.0482761935085887,140.0,inf,inf,inf,inf,,,,,,,,,,,,
dp_diag,,0,C:\Users\Shrikar\fedguard-work\runs\dp_diag\20260927-042809_0,patchtst,unit,24,fedguard_async,async,True,3.0,adaptive,4.0,0.35,public,0.6656799918076137,0.03512706742152771,0.01661984684928772,0.015733209793886732,0.016563218556286584,0.6317239590715354,0.6983284448994596,0.028155947388847767,0.044950896814984764,1233.4781293869019,2230.335924389643,761529600.0,0.027239627847772403,158.0,inf,inf,inf,inf,,,,,,,,,,,,
dp_diag,,0,C:\Users\Shrikar\fedguard-work\runs\dp_diag\20260927-044849_0,patchtst,unit,24,fedguard_async,async,True,16.0,adaptive,4.0,0.35,public,0.6286025139407099,0.027523774090304456,0.01661984684928772,0.10528830045573806,0.0273761737469421,0.5953395990165262,0.6603425017759849,0.022729649528515104,0.034878847053073925,1904.3508114814758,2230.335924389643,761529600.0,0.025841742956982553,4.0,14.306258008161512,14.435147347420003,15.932819206732484,15.998781437577074,,,,,,,,,,,,
dp_diag,,0,C:\Users\Shrikar\fedguard-work\runs\dp_diag\20260927-052043_0,patchtst,unit,24,fedguard_async,async,True,3.0,adaptive,4.0,0.35,public,0.7567263647032794,0.053694057034040406,0.01661984684928772,0.019096698010803246,0.019344265109592362,0.7301217437173854,0.7830384793144598,0.04384514510728368,0.06679950979422347,1278.9401643276215,2230.335924389643,761529600.0,0.05512742378295836,158.0,inf,inf,inf,inf,,,,,,,,,,,,
dp_diag,,0,C:\Users\Shrikar\fedguard-work\runs\dp_diag\20260927-054209_0,patchtst,unit,24,fedguard_async,async,True,3.0,adaptive,4.0,0.35,public,0.7474811835288333,0.05498785949380293,0.01661984684928772,0.10591480665954912,0.052950818767108894,0.721399836674497,0.7741835984426919,0.044210677587582334,0.06980697923465616,1252.1854364871979,2230.335924389643,761529600.0,0.046014762684761776,140.0,inf,inf,inf,inf,,,,,,,,,,,,
dp_diag_sgd,,0,C:\Users\Shrikar\fedguard-work\runs\dp_diag_sgd\20260928-060333_0,patchtst,unit,24,fedguard_async,async,True,8.0,adaptive,4.0,0.35,public,0.6330724335263098,0.02608171472840973,0.01661984684928772,0.014545660633207202,0.016554179997775594,0.6040436031509191,0.6628355165327509,0.02170863662100394,0.03263223780035647,882.7480072975159,2230.335924389643,761529600.0,0.026613352152615365,56.0,7.1492427928673,7.216918427969492,7.96991456527451,7.9929119296019,,,,,,,,,,,,
dp_diag_sgd,,0,C:\Users\Shrikar\fedguard-work\runs\dp_diag_sgd\20260928-061823_0,patchtst,unit,24,fedguard_async,async,True,8.0,adaptive,4.0,0.35,public,0.614269363665766,0.027965098656083456,0.01661984684928772,0.013240576340744775,0.016518638368861423,0.5820468516435049,0.6469089771124571,0.021873667445720082,0.04124099223010052,930.7574830055237,2230.335924389643,761529600.0,0.029045543592140954,44.0,7.1492427928673,7.216918427969492,7.96991456527451,7.9929119296019,,,,,,,,,,,,
dp_diag_sgd,,0,C:\Users\Shrikar\fedguard-work\runs\dp_diag_sgd\20260928-063402_0,patchtst,unit,24,fedguard_async,async,True,8.0,adaptive,4.0,0.35,public,0.6157893878034826,0.02880383810625976,0.01661984684928772,0.016267855119833797,0.016608193304055673,0.580090755352263,0.6500842495500185,0.02314647064216708,0.037015196910454705,1049.8263714313507,2230.335924389643,761529600.0,0.030146341719370726,44.0,7.1492427928673,7.216918427969492,7.96991456527451,7.9929119296019,,,,,,,,,,,,
dp_diag_sgd,,0,C:\Users\Shrikar\fedguard-work\runs\dp_diag_sgd\20260928-065143_0,patchtst,unit,24,fedguard_async,async,True,3.0,adaptive,4.0,0.35,public,0.5966454905500604,0.021699821908496873,0.01661984684928772,0.013938374670331183,0.016537693092826537,0.5664880049982175,0.6268772891025487,0.01835148932053204,0.026735236173909063,871.7390682697296,2230.335924389643,761529600.0,0.02194962172046817,24.0,inf,inf,inf,inf,,,,,,,,,,,,
dp_diag_sgd,,0,C:\Users\Shrikar\fedguard-work\runs\dp_diag_sgd\20260928-070622_0,patchtst,unit,24,fedguard_async,async,True,1.0,adaptive,4.0,0.35,public,0.6323710772497414,0.0305657128419546,0.01661984684928772,0.016392612026984665,0.016609830270378403,0.5977524694124325,0.6638784489980752,0.024641789033303024,0.03788781129016135,889.465897321701,2230.335924389643,761529600.0,0.03708372988747516,16.0,0.8909685956455661,0.900533459179598,0.9875958669921118,0.9941613962979702,,,,,,,,,,,,
dp_lr_rule,,0,C:\Users\Shrikar\fedguard-work\runs\dp_lr_rule\20260928-072532_0,patchtst,unit,24,fedguard_async,async,True,3.0,adaptive,4.0,0.35,public,0.6399989492330871,0.02629230921267711,0.01661984684928772,0.015968328461354285,0.01659781580753,0.6117279621718095,0.6692517503062193,0.02203050105690123,0.036556404975677956,897.0256385803223,2230.335924389643,761529600.0,0.027726006310395235,112.0,2.6772300468617067,2.7075831751782244,2.980581835962125,2.994444693058947,,,,,,,,,,,,
dp_lr_rule,,0,C:\Users\Shrikar\fedguard-work\runs\dp_lr_rule\20260928-074036_0,patchtst,unit,24,fedguard_async,async,True,8.0,adaptive,4.0,0.35,public,0.6298981155785315,0.026939231127380017,0.01661984684928772,0.027038709163588852,0.01704933677712587,0.6002263762565466,0.6599677917656913,0.02228836822230286,0.033725448568284515,884.1036357879639,2230.335924389643,761529600.0,0.025410364909268686,4.0,7.1492427928673,7.216918427969492,7.96991456527451,7.9929119296019,,,,,,,,,,,,
dp_lr_rule,,0,C:\Users\Shrikar\fedguard-work\runs\dp_lr_rule\20260928-075526_0,patchtst,unit,24,fedguard_async,async,True,32.0,adaptive,4.0,0.35,public,0.6279194454625673,0.027401382282368648,0.01661984684928772,0.10299852388510448,0.026901133969605622,0.5948152931636951,0.6597649175038633,0.022600053563666473,0.03472256820538372,926.8094415664673,2230.335924389643,761529600.0,0.025688206762115855,4.0,28.621033135395162,28.873370352880702,31.8781243889906,31.999481892113977,,,,,,,,,,,,
dp_lr_rule,,0,C:\Users\Shrikar\fedguard-work\runs\dp_lr_rule\20260928-081059_0,patchtst,unit,24,fedguard_async,async,True,256.0,adaptive,4.0,0.35,public,0.6250264009774751,0.027769490320464864,0.01661984684928772,0.19373385323621414,0.053823750596130766,0.5912842187211345,0.6566845913631915,0.022804878099481722,0.035165660572601946,880.5771605968475,2230.335924389643,761529600.0,0.026199891135681434,8.0,228.97709476816598,231.05439137320306,255.05092725584745,255.99033581742458,,,,,,,,,,,,
dp_lr_rule,,0,C:\Users\Shrikar\fedguard-work\runs\dp_lr_rule\20260928-082545_0,patchtst,unit,24,fedguard_async,async,True,1.0,adaptive,4.0,0.35,public,0.6537984967289724,0.030693606688268486,0.01661984684928772,0.016134928106037897,0.016602599297749578,0.6222706541194064,0.6859249203393729,0.02530971033218339,0.040550960140061744,789.4351494312286,2230.335924389643,761529600.0,0.030966105759841656,116.0,0.8909685956455661,0.900533459179598,0.9875958669921118,0.9941613962979702,,,,,,,,,,,,
dp_lr_rule_floor,,0,C:\Users\Shrikar\fedguard-work\runs\dp_lr_rule_floor\20260928-083912_0,patchtst,unit,24,fedguard_async,async,True,32.0,adaptive,4.0,0.35,public,0.6266075529251359,0.02701750532288509,0.01661984684928772,0.06902922925133848,0.021069023607878067,0.5948778213163286,0.6573476410655815,0.022256072931178907,0.03433981380851942,838.1064698696136,2230.335924389643,761529600.0,0.025268769456161425,4.0,28.621033135395162,28.873370352880702,31.8781243889906,31.999481892113977,,,,,,,,,,,,
dp_lr_rule_floor,,0,C:\Users\Shrikar\fedguard-work\runs\dp_lr_rule_floor\20260928-085316_0,patchtst,unit,24,fedguard_async,async,True,256.0,adaptive,4.0,0.35,public,0.5960874708618015,0.023870163982646506,0.01661984684928772,0.03068993835163456,0.01727218506988533,0.566563444163289,0.6265681024222853,0.019716108625506684,0.03060106781020265,843.7014260292053,2230.335924389643,761529600.0,0.022150127681562586,4.0,228.97709476816598,231.05439137320306,255.05092725584745,255.99033581742458,,,,,,,,,,,,
dp_small_rule,,0,C:\Users\Shrikar\fedguard-work\runs\dp_small_rule\20260928-212934_0,patchtst,unit,24,fedguard_async,async,True,3.0,adaptive,4.0,0.35,public,0.5253197874044289,0.01785014029835405,0.01661984684928772,0.016151558264309158,0.01660443817792544,0.4926182752074872,0.5592051652357145,0.0150817897352113,0.02180195504343215,642.100489616394,2246.8282720945726,124683520.0,0.017324414413603308,156.0,2.6772300468617067,2.7075831751782244,2.980581835962125,2.994444693058947,,,,,,,,,,,,
dp_small_rule,,0,C:\Users\Shrikar\fedguard-work\runs\dp_small_rule\20260928-214027_0,patchtst,unit,24,fedguard_async,async,True,32.0,adaptive,4.0,0.35,public,0.5546829916441947,0.018170160692026933,0.01661984684928772,0.013553298037872212,0.01652728759339896,0.5260441532675845,0.5850655642657812,0.015757309434046518,0.021173129253983482,672.6613993644714,2246.8282720945726,124683520.0,0.017233386073897246,80.0,28.621033135395162,28.873370352880702,31.8781243889906,31.999481892113977,,,,,,,,,,,,
fedavg,,0,C:\Users\Shrikar\fedguard-work\runs\fedavg\20260926-224450_0,patchtst,unit,24,fedavg,sync,False,,,,,site,0.7841901060363536,0.10000660477744557,0.01661984684928772,0.045750109836993465,0.03119053108356619,0.75636596144368,0.8103973527897503,0.08042856750628707,0.12290647224568756,2973.8600540161133,2912.281833504503,761529600.0,0.09753673947894766,33.0,0.0,0.0,0.0,0.0,,,,,,,,,,,,
fedavg,,1,C:\Users\Shrikar\fedguard-work\runs\fedavg\20260927-001712_1,patchtst,unit,24,fedavg,sync,False,,,,,site,0.7711489244119769,0.10273430124234513,0.01661984684928772,0.05056649681556501,0.029701375850372497,0.7409732851953805,0.7993155736807864,0.08110224206147981,0.1284559979503913,2443.004823923111,2889.138055178059,761529600.0,0.09474137465200476,23.0,0.0,0.0,0.0,0.0,,,,,,,,,,,,
fedavg,,2,C:\Users\Shrikar\fedguard-work\runs\fedavg\20260927-031128_2,patchtst,unit,24,fedavg,sync,False,,,,,site,0.7813248641681898,0.10376552282300913,0.01661984684928772,0.05786914376091816,0.03125226881376893,0.7552618863191155,0.8077712033565987,0.08400444950572397,0.12764237324340336,1933.1010596752167,3022.3999038558304,761529600.0,0.09288119531108203,23.0,0.0,0.0,0.0,0.0,,,,,,,,,,,,
fedavg_dp,,0,C:\Users\Shrikar\fedguard-work\runs\fedavg_dp\20260928-221710_0,patchtst,unit,24,fedavg,sync,True,3.0,uniform,,,public,0.6339293706157826,0.02765799546495208,0.01661984684928772,0.05798324400759789,0.01966294261922231,0.6010437764161968,0.6652926355448441,0.022870817708375724,0.03470923165473386,915.72411942482,2226.9481491860943,761529600.0,0.026268419104045544,1.0,2.995176600407973,2.995176600407973,2.994444693058947,2.994444693058947,,,,,,,,,,,,
fedavg_dp,,1,C:\Users\Shrikar\fedguard-work\runs\fedavg_dp\20260928-225049_1,patchtst,unit,24,fedavg,sync,True,3.0,uniform,,,public,0.602585569346008,0.021181710856247867,0.01661984684928772,0.01601711289798784,0.016599907159829775,0.5751848107744342,0.629688982540306,0.018041373815455033,0.024972529896579363,907.3988754749298,2209.2793209199986,761529600.0,0.021530471353882766,18.0,2.995176600407973,2.995176600407973,2.994444693058947,2.994444693058947,,,,,,,,,,,,
fedavg_dp,,2,C:\Users\Shrikar\fedguard-work\runs\fedavg_dp\20260928-232418_2,patchtst,unit,24,fedavg,sync,True,3.0,uniform,,,public,0.607159366550476,0.02297531288272633,0.01661984684928772,0.016058163464924054,0.016601031757163615,0.5752859068904801,0.6378687069393828,0.019282999970524715,0.027543805915390778,1030.3400247097015,2311.0164135199357,761529600.0,0.022125189849228642,23.0,2.995176600407973,2.995176600407973,2.994444693058947,2.994444693058947,,,,,,,,,,,,
fedguard,,0,C:\Users\Shrikar\fedguard-work\runs\fedguard\20260928-215752_0,patchtst,unit,24,fedguard_async,async,True,3.0,adaptive,4.0,0.35,public,0.6399989492330871,0.02629230921267711,0.01661984684928772,0.015968328461354285,0.01659781580753,0.6117279621718095,0.6692517503062193,0.02203050105690123,0.036556404975677956,1147.6930236816406,2230.335924389643,761529600.0,0.027726006310395235,112.0,2.6772300468617067,2.7075831751782244,2.980581835962125,2.994444693058947,,,,,,,,,,,,
fedguard,,1,C:\Users\Shrikar\fedguard-work\runs\fedguard\20260928-223233_1,patchtst,unit,24,fedguard_async,async,True,3.0,adaptive,4.0,0.35,public,0.6051583588506364,0.022467886109778498,0.01661984684928772,0.016218121366493622,0.01660631509602826,0.5758574435178259,0.6329730768074904,0.019131252914161144,0.027098276915937327,1088.0964884757996,2212.584334914373,761529600.0,0.022448871077155173,148.0,2.6772300468617067,2.7075831751782244,2.980581835962125,2.994444693058947,,,,,,,,,,,,
fedguard,,2,C:\Users\Shrikar\fedguard-work\runs\fedguard\20260928-230603_2,patchtst,unit,24,fedguard_async,async,True,3.0,adaptive,4.0,0.35,public,0.61510323999539,0.023323013609764402,0.01661984684928772,0.016130791004809745,0.01660338066116609,0.5845914834149202,0.6438593051624529,0.019456224645290534,0.027954730666292723,1087.375351190567,2279.927564313871,761529600.0,0.022431065836648896,128.0,2.6772300468617067,2.7075831751782244,2.980581835962125,2.994444693058947,,,,,,,,,,,,
fedprox,,0,C:\Users\Shrikar\fedguard-work\runs\fedprox\20260926-213643_0,patchtst,unit,24,fedprox,sync,False,,,,,site,0.7851167168539904,0.10853446543586952,0.01661984684928772,0.052750911934991235,0.03111012402758106,0.7591563624959434,0.8103353943521203,0.08579555670108298,0.13505103196084706,4638.430752754211,2912.281833504503,761529600.0,0.10329488673424181,39.0,0.0,0.0,0.0,0.0,,,,,,,,,,,,
fedprox,,1,C:\Users\Shrikar\fedguard-work\runs\fedprox\20260927-005802_1,patchtst,unit,24,fedprox,sync,False,,,,,site,0.7745269307046532,0.10709080220311089,0.01661984684928772,0.05162015432389214,0.02962663178453363,0.7442739420323798,0.8027373113582673,0.08457316719555895,0.13279052158046792,3595.9535019397736,2889.138055178059,761529600.0,0.09746947172576946,23.0,0.0,0.0,0.0,0.0,,,,,,,,,,,,
fedprox,,2,C:\Users\Shrikar\fedguard-work\runs\fedprox\20260927-034347_2,patchtst,unit,24,fedprox,sync,False,,,,,site,0.7839267315678067,0.10819608438553492,0.01661984684928772,0.06275885949022839,0.03140952261239197,0.7590967701995479,0.8102644609891282,0.08702253943868514,0.13315305967135907,4349.211596250534,3022.3999038558304,761529600.0,0.09524546945284142,23.0,0.0,0.0,0.0,0.0,,,,,,,,,,,,
local_patchtst,A_MICU,0,C:\Users\Shrikar\fedguard-work\runs\local_patchtst\A_MICU\20260926-181657_0,patchtst,unit,24,local,,False,,,,,site,0.7228258673159088,0.05231064712277042,0.01661984684928772,0.339073968396486,0.1931456174913616,0.6914032557397345,0.7535828470772867,0.04156038512712046,0.06801862274997375,273.3189809322357,,,,,,,,,,,,,,,,,,,0.7398203091523146,0.08311881379654368
local_patchtst,A_MICU,1,C:\Users\Shrikar\fedguard-work\runs\local_patchtst\A_MICU\20260926-234437_1,patchtst,unit,24,local,,False,,,,,site,0.7131572673868014,0.05217107149476222,0.01661984684928772,0.1825490174679365,0.11172902264384081,0.6810741758726979,0.7405985245346217,0.041332467433087744,0.06826447070197798,422.6159107685089,,,,,,,,,,,,,,,,,,,0.7487882086678868,0.0968472778661247
local_patchtst,A_MICU,2,C:\Users\Shrikar\fedguard-work\runs\local_patchtst\A_MICU\20260927-025616_2,patchtst,unit,24,local,,False,,,,,site,0.742533728297524,0.06459898823038315,0.01661984684928772,0.28119236429439054,0.16276804832830816,0.7166783768224569,0.7712627932694791,0.051043065793094936,0.08383504503075036,234.24679899215698,,,,,,,,,,,,,,,,,,,0.7622844723438633,0.09292965294701303
local_patchtst,A_SICU,0,C:\Users\Shrikar\fedguard-work\runs\local_patchtst\A_SICU\20260926-182132_0,patchtst,unit,24,local,,False,,,,,site,0.6937274154670818,0.04779470169947789,0.01661984684928772,0.17253810280189683,0.12830456083674177,0.6609152924832171,0.7261850724349247,0.038629828945364666,0.06171970726053977,516.0110046863556,,,,,,,,,,,,,,,,,,,0.7507686742066685,0.050777621925875614
local_patchtst,A_SICU,1,C:\Users\Shrikar\fedguard-work\runs\local_patchtst\A_SICU\20260926-235141_1,patchtst,unit,24,local,,False,,,,,site,0.7125630158046796,0.05606017129910413,0.01661984684928772,0.31622743386864527,0.20592781037928337,0.6810562667587462,0.7447993713964639,0.044308837041129756,0.07326706143913468,344.62327218055725,,,,,,,,,,,,,,,,,,,0.8080662950629676,0.0798486979697839
local_patchtst,A_SICU,2,C:\Users\Shrikar\fedguard-work\runs\local_patchtst\A_SICU\20260927-030011_2,patchtst,unit,24,local,,False,,,,,site,0.6943392052329648,0.05272560766559128,0.01661984684928772,0.2065600002436966,0.13696072521512648,0.6602816454159514,0.7290847147478939,0.0410051434132728,0.06794585469619557,253.53642892837524,,,,,,,,,,,,,,,,,,,0.7997356184138101,0.08088029326529705
local_patchtst,B_MICU,0,C:\Users\Shrikar\fedguard-work\runs\local_patchtst\B_MICU\20260926-183008_0,patchtst,unit,24,local,,False,,,,,site,0.7215977325531207,0.058328834074228106,0.01661984684928772,0.23268346363079861,0.15809553876859653,0.693662373182273,0.7474635120704144,0.04715799120547823,0.0730323105370256,451.0602090358734,,,,,,,,,,,,,,,,,,,0.8160526228102075,0.0899853642416763
local_patchtst,B_MICU,1,C:\Users\Shrikar\fedguard-work\runs\local_patchtst\B_MICU\20260926-235726_1,patchtst,unit,24,local,,False,,,,,site,0.6864824395004276,0.05208893445093563,0.01661984684928772,0.12178174036946854,0.083458705750119,0.6573689705632989,0.71477049339538,0.039125491388010684,0.07405993201543005,683.0293126106262,,,,,,,,,,,,,,,,,,,0.7784264642039228,0.09119888035620666
local_patchtst,B_MICU,2,C:\Users\Shrikar\fedguard-work\runs\local_patchtst\B_MICU\20260927-030425_2,patchtst,unit,24,local,,False,,,,,site,0.7199748556846357,0.05084259518549487,0.01661984684928772,0.3535535957653946,0.23448151307578932,0.6931698968093438,0.745618555177696,0.03952833554565006,0.06717582214939276,179.83258700370789,,,,,,,,,,,,,,,,,,,0.8166787599683564,0.08018277866947672
local_patchtst,B_SICU,0,C:\Users\Shrikar\fedguard-work\runs\local_patchtst\B_SICU\20260926-183739_0,patchtst,unit,24,local,,False,,,,,site,0.7079923741358021,0.055483443278946006,0.01661984684928772,0.2002459510218784,0.10395733339716855,0.6767408953277453,0.7401773585567609,0.04402651038254055,0.07259185415997221,415.689701795578,,,,,,,,,,,,,,,,,,,0.7794376699822009,0.10942661482788929
local_patchtst,B_SICU,1,C:\Users\Shrikar\fedguard-work\runs\local_patchtst\B_SICU\20260927-000849_1,patchtst,unit,24,local,,False,,,,,site,0.6939347663483595,0.06087940626229288,0.01661984684928772,0.1725437986023862,0.09538082939519774,0.65993345849707,0.7283673149217272,0.04692865643620103,0.0807222989942661,495.23010420799255,,,,,,,,,,,,,,,,,,,0.7614139659183576,0.10026653099718669
local_patchtst,B_SICU,2,C:\Users\Shrikar\fedguard-work\runs\local_patchtst\B_SICU\20260927-030725_2,patchtst,unit,24,local,,False,,,,,site,0.7254741035147494,0.05544892443633013,0.01661984684928772,0.15339527054591642,0.08215354249235352,0.6974411589229994,0.7531719338258792,0.04393006950015906,0.07003630410764883,237.15089583396912,,,,,,,,,,,,,,,,,,,0.8184342233677836,0.10819699143367759
sweep_adaptive,,0,C:\Users\Shrikar\fedguard-work\runs\sweep_adaptive\20260928-234138_0,patchtst,unit,24,fedguard_async,async,True,1.0,adaptive,4.0,0.35,public,0.6537984967289724,0.030693606688268486,0.01661984684928772,0.016134928106037897,0.016602599297749578,0.6222706541194064,0.6859249203393729,0.02530971033218339,0.040550960140061744,1016.0018482208252,2230.335924389643,761529600.0,0.030966105759841656,116.0,0.8909685956455661,0.900533459179598,0.9875958669921118,0.9941613962979702,,,,,,,,,,,,
sweep_adaptive,,0,C:\Users\Shrikar\fedguard-work\runs\sweep_adaptive\20260928-235843_0,patchtst,unit,24,fedguard_async,async,True,2.0,adaptive,4.0,0.35,public,0.6366202290957408,0.0268017381332549,0.01661984684928772,0.01604794541756804,0.01660030587136543,0.6070040603341178,0.6669662159825507,0.022328655460543974,0.035046817801273195,897.5340263843536,2230.335924389643,761529600.0,0.029261250813282895,96.0,1.7806446864305263,1.7986358634450554,1.9851368050708467,1.997743320944176,,,,,,,,,,,,
sweep_adaptive,,0,C:\Users\Shrikar\fedguard-work\runs\sweep_adaptive\20260929-001348_0,patchtst,unit,24,fedguard_async,async,True,5.0,adaptive,4.0,0.35,public,0.6309830459464676,0.026696951200588577,0.01661984684928772,0.0035575161708176306,0.016342742687915492,0.6017806096788271,0.6603392390104045,0.02219195676902416,0.03331334191449342,893.9234642982483,2230.335924389643,761529600.0,0.025548757355988057,8.0,4.472193411404607,4.506304486766784,4.975193752821432,4.993867620706673,,,,,,,,,,,,
sweep_adaptive,,0,C:\Users\Shrikar\fedguard-work\runs\sweep_adaptive\20260929-002849_0,patchtst,unit,24,fedguard_async,async,True,8.0,adaptive,4.0,0.35,public,0.6298981155785315,0.026939231127380017,0.01661984684928772,0.027038709163588852,0.01704933677712587,0.6002263762565466,0.6599677917656913,0.02228836822230286,0.033725448568284515,901.0450234413147,2230.335924389643,761529600.0,0.025410364909268686,4.0,7.1492427928673,7.216918427969492,7.96991456527451,7.9929119296019,,,,,,,,,,,,
sweep_adaptive,,1,C:\Users\Shrikar\fedguard-work\runs\sweep_adaptive\20260929-004357_1,patchtst,unit,24,fedguard_async,async,True,1.0,adaptive,4.0,0.35,public,0.5959284514637864,0.023573611787614926,0.01661984684928772,0.016456823329419903,0.016613774639514564,0.5643927551767981,0.6256565725561547,0.019742926866308623,0.02860355706047846,902.3581614494324,2212.584334914373,761529600.0,0.02320797195610763,156.0,0.8909685956455661,0.900533459179598,0.9875958669921118,0.9941613962979702,,,,,,,,,,,,
sweep_adaptive,,1,C:\Users\Shrikar\fedguard-work\runs\sweep_adaptive\20260929-005907_1,patchtst,unit,24,fedguard_async,async,True,2.0,adaptive,4.0,0.35,public,0.6023715325862176,0.023111071047760803,0.01661984684928772,0.016259909408709305,0.01660750010875628,0.5715809896741368,0.6323909906941515,0.019480382914916394,0.028176323076867016,965.3498203754425,2212.584334914373,761529600.0,0.023006510939838895,148.0,1.7806446864305263,1.7986358634450554,1.9851368050708467,1.997743320944176,,,,,,,,,,,,
sweep_adaptive,,1,C:\Users\Shrikar\fedguard-work\runs\sweep_adaptive\20260929-011522_1,patchtst,unit,24,fedguard_async,async,True,5.0,adaptive,4.0,0.35,public,0.6017432715155357,0.02119520704967927,0.01661984684928772,0.01618677044205218,0.01660542442959631,0.572584244853049,0.6302253848756662,0.01826874954393065,0.02489969035762401,879.4631867408752,2212.584334914373,761529600.0,0.021607417577844363,156.0,4.472193411404607,4.506304486766784,4.975193752821432,4.993867620706673,,,,,,,,,,,,
sweep_adaptive,,1,C:\Users\Shrikar\fedguard-work\runs\sweep_adaptive\20260929-013009_1,patchtst,unit,24,fedguard_async,async,True,8.0,adaptive,4.0,0.35,public,0.6035733141944579,0.020793644454298606,0.01661984684928772,0.016149408796391457,0.01660425266901168,0.5756560999914044,0.6302918376456641,0.01793040151255729,0.023966470522766844,885.6835577487946,2212.584334914373,761529600.0,0.021154642644673677,156.0,7.1492427928673,7.216918427969492,7.96991456527451,7.9929119296019,,,,,,,,,,,,
sweep_adaptive,,2,C:\Users\Shrikar\fedguard-work\runs\sweep_adaptive\20260929-014502_2,patchtst,unit,24,fedguard_async,async,True,1.0,adaptive,4.0,0.35,public,0.6084489090622949,0.02283599230626069,0.01661984684928772,0.016171806794526587,0.01660446305479461,0.5794627218574167,0.6372229387865704,0.01892298983115272,0.028141942506967558,880.1345319747925,2279.927564313871,761529600.0,0.02278111685303753,128.0,0.8909685956455661,0.900533459179598,0.9875958669921118,0.9941613962979702,,,,,,,,,,,,
sweep_adaptive,,2,C:\Users\Shrikar\fedguard-work\runs\sweep_adaptive\20260929-015950_2,patchtst,unit,24,fedguard_async,async,True,2.0,adaptive,4.0,0.35,public,0.6162234706821179,0.02346651476902064,0.01661984684928772,0.016146321247982407,0.016603821713201284,0.5860761900305803,0.644994812870674,0.019485865313454663,0.028308639448183147,884.4111275672913,2279.927564313871,761529600.0,0.022696934840878646,128.0,1.7806446864305263,1.7986358634450554,1.9851368050708467,1.997743320944176,,,,,,,,,,,,
sweep_adaptive,,2,C:\Users\Shrikar\fedguard-work\runs\sweep_adaptive\20260929-021441_2,patchtst,unit,24,fedguard_async,async,True,5.0,adaptive,4.0,0.35,public,0.6141424190661808,0.023109854210778973,0.01661984684928772,0.01610412812702298,0.016602570262872356,0.5827783589868969,0.6436152160037624,0.019372137368893868,0.0276041311923745,883.1762404441833,2279.927564313871,761529600.0,0.022218682773101555,128.0,4.472193411404607,4.506304486766784,4.975193752821432,4.993867620706673,,,,,,,,,,,,
sweep_adaptive,,2,C:\Users\Shrikar\fedguard-work\runs\sweep_adaptive\20260929-022931_2,patchtst,unit,24,fedguard_async,async,True,8.0,adaptive,4.0,0.35,public,0.6117866274547902,0.023074180767707,0.01661984684928772,0.01570297565851956,0.016589634440475093,0.5809557472562952,0.641188956158356,0.01946124259302354,0.02749623777583334,879.493403673172,2279.927564313871,761529600.0,0.022276715754072373,72.0,7.1492427928673,7.216918427969492,7.96991456527451,7.9929119296019,,,,,,,,,,,,
sweep_adaptive_ext,,0,C:\Users\Shrikar\fedguard-work\runs\sweep_adaptive_ext\20260929-034349_0,patchtst,unit,24,fedguard_async,async,True,16.0,adaptive,4.0,0.35,public,0.6283820479132356,0.027148578398123322,0.01661984684928772,0.061754701754676504,0.020117999992603414,0.5966184557751538,0.6595436540193309,0.022441698120907953,0.034094616849909935,911.8153591156006,2230.335924389643,761529600.0,0.025464315725049855,4.0,14.306258008161512,14.435147347420003,15.932819206732484,15.998781437577074,,,,,,,,,,,,
sweep_adaptive_ext,,0,C:\Users\Shrikar\fedguard-work\runs\sweep_adaptive_ext\20260929-035908_0,patchtst,unit,24,fedguard_async,async,True,32.0,adaptive,4.0,0.35,public,0.6279194454625673,0.027401382282368648,0.01661984684928772,0.10299852388510448,0.026901133969605622,0.5948152931636951,0.6597649175038633,0.022600053563666473,0.03472256820538372,938.5646393299103,2230.335924389643,761529600.0,0.025688206762115855,4.0,28.621033135395162,28.873370352880702,31.8781243889906,31.999481892113977,,,,,,,,,,,,
sweep_adaptive_ext,,0,C:\Users\Shrikar\fedguard-work\runs\sweep_adaptive_ext\20260929-041454_0,patchtst,unit,24,fedguard_async,async,True,64.0,adaptive,4.0,0.35,public,0.6290790386952738,0.02770861727168647,0.01661984684928772,0.1180192517548256,0.03021683984591618,0.5959563085424302,0.6612185334260404,0.022840014067189232,0.03512146230434431,958.2543737888336,2230.335924389643,761529600.0,0.025957810862351154,8.0,57.23682659858424,57.75871400076349,63.75903236031375,63.99533869387459,,,,,,,,,,,,
sweep_adaptive_ext,,0,C:\Users\Shrikar\fedguard-work\runs\sweep_adaptive_ext\20260929-043059_0,patchtst,unit,24,fedguard_async,async,True,256.0,adaptive,4.0,0.35,public,0.6250264009774751,0.027769490320464864,0.01661984684928772,0.19373385323621414,0.053823750596130766,0.5912842187211345,0.6566845913631915,0.022804878099481722,0.035165660572601946,1014.958190202713,2230.335924389643,761529600.0,0.026199891135681434,8.0,228.97709476816598,231.05439137320306,255.05092725584745,255.99033581742458,,,,,,,,,,,,
sweep_fedavg_dp,,0,C:\Users\Shrikar\fedguard-work\runs\sweep_fedavg_dp\20260929-024418_0,patchtst,unit,24,fedavg,sync,True,1.0,uniform,,,public,0.638760562478869,0.026931328091890815,0.01661984684928772,0.016032829282145486,0.016599868855097403,0.6090696505605003,0.6692293697243596,0.022364746134314783,0.03417625771640525,879.008633852005,2226.9481491860943,761529600.0,0.02737154349028435,8.0,0.9967701699948396,0.9967701699948396,0.9941613962979702,0.9941613962979702,,,,,,,,,,,,
sweep_fedavg_dp,,0,C:\Users\Shrikar\fedguard-work\runs\sweep_fedavg_dp\20260929-025904_0,patchtst,unit,24,fedavg,sync,True,2.0,uniform,,,public,0.635917756173261,0.027725244735956438,0.01661984684928772,0.03909767222611953,0.01783611952445777,0.6034487022521805,0.6665170797920527,0.02298906637382446,0.03477256085452952,886.8338718414307,2226.9481491860943,761529600.0,0.026462740442291334,1.0,1.9927314968921919,1.9927314968921919,1.997743320944176,1.997743320944176,,,,,,,,,,,,
sweep_fedavg_dp,,0,C:\Users\Shrikar\fedguard-work\runs\sweep_fedavg_dp\20260929-031358_0,patchtst,unit,24,fedavg,sync,True,5.0,uniform,,,public,0.6311076623859843,0.02760320519942748,0.01661984684928772,0.08773231016078906,0.023990179222904456,0.5979052152990219,0.6629826159769863,0.022824378817278102,0.03455913374091326,883.4502949714661,2226.9481491860943,761529600.0,0.026079021733611006,1.0,4.998899169013079,4.998899169013079,4.993867620706673,4.993867620706673,,,,,,,,,,,,
sweep_fedavg_dp,,0,C:\Users\Shrikar\fedguard-work\runs\sweep_fedavg_dp\20260929-032848_0,patchtst,unit,24,fedavg,sync,True,8.0,uniform,,,public,0.6286494892746206,0.02759913068814314,0.01661984684928772,0.11925368458885748,0.03050999321963531,0.5957123659166456,0.661004814883768,0.022793866052955532,0.03454419533534231,893.5669341087341,2226.9481491860943,761529600.0,0.025999285290208896,1.0,7.99753125042318,7.99753125042318,7.9929119296019,7.9929119296019,,,,,,,,,,,,
sweep_fedavg_dp,,1,C:\Users\Shrikar\fedguard-work\runs\sweep_fedavg_dp\20260929-075956_1,patchtst,unit,24,fedavg,sync,True,2.0,uniform,,,public,0.6086449270762256,0.021785835703949114,0.01661984684928772,0.016061604985968037,0.01660127869568881,0.5817521405320923,0.6360109657262765,0.018582709866713447,0.025826304565705366,971.6538252830505,2209.2793209199986,761529600.0,0.02211733361619208,18.0,1.9927314968921919,1.9927314968921919,1.997743320944176,1.997743320944176,,,,,,,,,,,,
sweep_fedavg_dp,,1,C:\Users\Shrikar\fedguard-work\runs\sweep_fedavg_dp\20260929-081617_1,patchtst,unit,24,fedavg,sync,True,5.0,uniform,,,public,0.5899722232929892,0.020320917349909998,0.01661984684928772,0.015944955683372185,0.016597647491827974,0.5611415513551699,0.6182016418435267,0.01736301687099908,0.023779820365821373,951.9532334804535,2209.2793209199986,761529600.0,0.020524124038030583,16.0,4.998899169013079,4.998899169013079,4.993867620706673,4.993867620706673,,,,,,,,,,,,
sweep_fedavg_dp,,1,C:\Users\Shrikar\fedguard-work\runs\sweep_fedavg_dp\20260929-083218_1,patchtst,unit,24,fedavg,sync,True,8.0,uniform,,,public,0.5857712847337493,0.020145264667775352,0.01661984684928772,0.015873839578389327,0.016595397963166746,0.5574230197127018,0.6141997369045009,0.017223107654084264,0.023507144583310234,911.6749448776245,2209.2793209199986,761529600.0,0.020219988540970853,16.0,7.99753125042318,7.99753125042318,7.9929119296019,7.9929119296019,,,,,,,,,,,,
sweep_fedavg_dp,,2,C:\Users\Shrikar\fedguard-work\runs\sweep_fedavg_dp\20260929-084737_2,patchtst,unit,24,fedavg,sync,True,1.0,uniform,,,public,0.5883451986603745,0.02345919867867581,0.01661984684928772,0.015947296391781454,0.016597340752168614,0.5540645636763403,0.6220412781041141,0.019445305721903082,0.028465930987457234,879.1682858467102,2311.0164135199357,761529600.0,0.02275310167204863,9.0,0.9967701699948396,0.9967701699948396,0.9941613962979702,0.9941613962979702,,,,,,,,,,,,
sweep_fedavg_dp,,2,C:\Users\Shrikar\fedguard-work\runs\sweep_fedavg_dp\20260929-092152_2,patchtst,unit,24,fedavg,sync,True,8.0,uniform,,,public,0.6086540437591386,0.02295624290441074,0.01661984684928772,0.015697238716589526,0.016589507222555002,0.5764668197163023,0.6387017438653727,0.019346604823415766,0.027191419163462578,790.6378991603851,2311.0164135199357,761529600.0,0.022241578752891195,12.0,7.99753125042318,7.99753125042318,7.9929119296019,7.9929119296019,,,,,,,,,,,,
sweep_nodp_public,,0,C:\Users\Shrikar\fedguard-work\runs\sweep_nodp_public\20260926-231318_0,patchtst,unit,24,fedguard_async,async,False,,,4.0,0.35,public,0.752763430355275,0.07739181413230463,0.01661984684928772,0.10803406755229109,0.051839708528910365,0.7246541119413528,0.7797732782879073,0.06221926760814834,0.09649990963887942,3642.8739173412323,1526.6861892369616,785327400.0,0.07874449426970168,120.0,0.0,0.0,0.0,0.0,,,,,,,,,,,,
sweep_nodp_public,,1,C:\Users\Shrikar\fedguard-work\runs\sweep_nodp_public\20260927-025308_1,patchtst,unit,24,fedguard_async,async,False,,,4.0,0.35,public,0.7614935671568721,0.07193762296972254,0.01661984684928772,0.10834381547625879,0.0558697655725256,0.7327481355882992,0.7886340010965357,0.0585314210767975,0.08971207311986452,1845.7558116912842,1513.2737615390802,790086960.0,0.07587337394030715,156.0,0.0,0.0,0.0,0.0,,,,,,,,,,,,
sweep_nodp_public,,2,C:\Users\Shrikar\fedguard-work\runs\sweep_nodp_public\20260927-200256_2,patchtst,unit,24,fedguard_async,async,False,,,4.0,0.35,public,0.744171476152364,0.07696845298266485,0.01661984684928772,0.0880744486902252,0.04004889992022044,0.7160593502504082,0.7702166081310211,0.060706133532211576,0.09718498916638015,1494.891286611557,1524.608122826369,780567840.0,0.07169136931740648,116.0,0.0,0.0,0.0,0.0,,,,,,,,,,,,
sweep_uniform,,0,C:\Users\Shrikar\fedguard-work\runs\sweep_uniform\20260929-044805_0,patchtst,unit,24,fedguard_async,async,True,1.0,uniform,4.0,0.35,public,0.6380436913560468,0.027704064438462083,0.01661984684928772,0.01608259965370481,0.016601001645074078,0.607583100403068,0.6689305642764691,0.022896920543520372,0.03473720951270077,1080.174246788025,2230.335924389643,761529600.0,0.030371077919110378,100.0,0.9967701699948396,0.9967701699948396,0.9941613962979702,0.9941613962979702,,,,,,,,,,,,
sweep_uniform,,0,C:\Users\Shrikar\fedguard-work\runs\sweep_uniform\20260929-050617_0,patchtst,unit,24,fedguard_async,async,True,2.0,uniform,4.0,0.35,public,0.6374390820277294,0.026720742970269717,0.01661984684928772,0.01604311674967466,0.016600162109971964,0.6080865812600768,0.6675118287873154,0.022278073661650886,0.03487710713079566,941.2038285732269,2230.335924389643,761529600.0,0.029318988319206436,96.0,1.9927314968921919,1.9927314968921919,1.997743320944176,1.997743320944176,,,,,,,,,,,,
sweep_uniform,,0,C:\Users\Shrikar\fedguard-work\runs\sweep_uniform\20260929-052207_0,patchtst,unit,24,fedguard_async,async,True,3.0,uniform,4.0,0.35,public,0.6400183552326415,0.026155739118624694,0.01661984684928772,0.01596542859083321,0.016597734547959694,0.6118312742974028,0.6690976158247225,0.021970149943203617,0.03616837559255307,958.4709968566895,2230.335924389643,761529600.0,0.027865958450869248,112.0,2.995176600407973,2.995176600407973,2.994444693058947,2.994444693058947,,,,,,,,,,,,
sweep_uniform,,0,C:\Users\Shrikar\fedguard-work\runs\sweep_uniform\20260929-053815_0,patchtst,unit,24,fedguard_async,async,True,5.0,uniform,4.0,0.35,public,0.6305589117919186,0.026773192905513662,0.01661984684928772,0.013326062299644767,0.01650208599179094,0.6013820088230521,0.6594714517841198,0.022238835460860387,0.033698149711088074,943.3344111442566,2230.335924389643,761529600.0,0.025518993530735667,4.0,4.998899169013079,4.998899169013079,4.993867620706673,4.993867620706673,,,,,,,,,,,,
sweep_uniform,,1,C:\Users\Shrikar\fedguard-work\runs\sweep_uniform\20260929-065657_1,patchtst,unit,24,fedguard_async,async,True,5.0,uniform,4.0,0.35,public,0.6015713578121589,0.021140110804723,0.01661984684928772,0.016182846801810428,0.016605302451405977,0.572771507227224,0.6297027298212238,0.018238200076223815,0.024785090842776386,899.2140822410583,2212.584334914373,761529600.0,0.021496465527886713,156.0,4.998899169013079,4.998899169013079,4.993867620706673,4.993867620706673,,,,,,,,,,,,
tune_async,,0,C:\Users\Shrikar\fedguard-work\runs\tune_async\20260926-181652_0,patchtst,unit,24,fedguard_async,async,False,,,0.5,0.35,site,0.7423329513191248,0.06903444490461441,0.01661984684928772,0.11214466201160893,0.05245385906789942,0.7157636500024743,0.7687023599691979,0.05399174392872926,0.08753655396662993,3499.0451583862305,1526.6861892369616,785327400.0,0.06195438162649704,152.0,0.0,0.0,0.0,0.0,,,,,,,,,,,,
tune_async,,0,C:\Users\Shrikar\fedguard-work\runs\tune_async\20260926-192001_0,patchtst,unit,24,fedguard_async,async,False,,,2.0,0.35,site,0.7593470657825406,0.08130286585816793,0.01661984684928772,0.11146713820504785,0.056358792898424576,0.731105108670238,0.7851316593457915,0.06455510620724901,0.10199395231535584,3532.3405148983,1526.6861892369616,785327400.0,0.07027102625624747,120.0,0.0,0.0,0.0,0.0,,,,,,,,,,,,
tune_async,,0,C:\Users\Shrikar\fedguard-work\runs\tune_async\20260926-201930_0,patchtst,unit,24,fedguard_async,async,False,,,4.0,0.35,site,0.7654605108546801,0.08336879396206327,0.01661984684928772,0.11345429917385379,0.05565947462071298,0.7378122620047952,0.7920029724004752,0.06673096865644246,0.10411326432057809,2341.916307926178,1526.6861892369616,785327400.0,0.07997782780907364,120.0,0.0,0.0,0.0,0.0,,,,,,,,,,,,
tune_async,,0,C:\Users\Shrikar\fedguard-work\runs\tune_async\20260926-202401_0,patchtst,unit,24,fedguard_async,async,False,,,1.0,0.35,site,0.7537921645068386,0.07629109410401885,0.01661984684928772,0.1101348687337485,0.054244511735232356,0.7268431892416973,0.779400513767795,0.06103853444965542,0.09401549001942552,2372.9908158779144,1526.6861892369616,785327400.0,0.06692891148457504,120.0,0.0,0.0,0.0,0.0,,,,,,,,,,,,
tune_async,,0,C:\Users\Shrikar\fedguard-work\runs\tune_async\20260928-044625_0,patchtst,unit,24,fedguard_async,async,False,,,4.0,0.1,site,0.760214411940375,0.09254184158002715,0.01661984684928772,0.06379444810925204,0.032245192293417574,0.7307611871143836,0.7867265779634549,0.07414520519036953,0.11552876423086533,1707.2194323539734,1526.6861892369616,785327400.0,0.08350605969172006,120.0,0.0,0.0,0.0,0.0,,,,,,,,,,,,
tune_async,,0,C:\Users\Shrikar\fedguard-work\runs\tune_async\20260928-051459_0,patchtst,unit,24,fedguard_async,async,False,,,4.0,1.0,site,0.7413311333107161,0.066024225337018,0.01661984684928772,0.12103281261559472,0.06064995869221172,0.714696367523685,0.767129639587882,0.052102146310092357,0.0833783900302663,1693.4562647342682,1526.6861892369616,785327400.0,0.059045042320414035,56.0,0.0,0.0,0.0,0.0,,,,,,,,,,,,
tune_dp,,0,C:\Users\Shrikar\fedguard-work\runs\tune_dp\20260926-180815_0,patchtst,unit,24,fedavg,sync,True,3.0,uniform,,,public,0.6283847602119391,0.02369091349578684,0.01661984684928772,0.016165092497724617,0.01660413161233355,0.6004014490127209,0.6563811821642691,0.019997961485284158,0.028933868362164723,1343.487241268158,2226.9481491860943,761529600.0,0.025180958467070205,39.0,2.9949713642934332,2.9949713642934332,2.9944847636700134,2.9979132974403706,,,,,,,,,,,,
tune_dp,,0,C:\Users\Shrikar\fedguard-work\runs\tune_dp\20260926-183433_0,patchtst,unit,24,fedavg,sync,True,3.0,uniform,,,public,0.6355200980354145,0.027647293077189966,0.01661984684928772,0.046357600709871855,0.018454710953282605,0.603184023886713,0.6667350984143015,0.022843652126407103,0.03468606276107707,1522.7014360427856,2226.9481491860943,761529600.0,0.026259583514129613,1.0,2.995176600407973,2.995176600407973,2.994444693058947,2.994444693058947,,,,,,,,,,,,
tune_dp,,0,C:\Users\Shrikar\fedguard-work\runs\tune_dp\20260926-190002_0,patchtst,unit,24,fedavg,sync,True,3.0,uniform,,,public,0.6350313710471189,0.02738371926385188,0.01661984684928772,0.044898208298305126,0.018326124222205448,0.603008870904821,0.666468343803555,0.022605415172666187,0.03428895125987803,1702.7882738113403,899.9176148744376,761529600.0,0.026130601362000426,1.0,2.9960476584075653,2.9960476584075653,2.995365675868234,2.995365675868234,,,,,,,,,,,,
tune_dp,,0,C:\Users\Shrikar\fedguard-work\runs\tune_dp\20260926-190531_0,patchtst,unit,24,fedavg,sync,True,3.0,uniform,,,public,0.6442528553779034,0.02612433969212139,0.01661984684928772,0.014874102203616039,0.0165629840057143,0.6183908821711405,0.6728336197688004,0.021587179889994416,0.03322628885406,3101.382501602173,7092.726774995501,761529600.0,0.027894839653961428,40.0,2.9947774654084887,2.9947774654084887,2.9947643998037248,2.9947643998037248,,,,,,,,,,,,
tune_dp,,0,C:\Users\Shrikar\fedguard-work\runs\tune_dp\20260926-195719_0,patchtst,unit,24,fedavg,sync,True,3.0,uniform,,,public,0.6209517273879273,0.025752268734748496,0.01661984684928772,0.03175624804013622,0.017329053776642515,0.591203388159538,0.6517128380239054,0.021190654802501308,0.032819588913247634,882.6160552501678,3553.9786834977485,761529600.0,0.02436840571774189,1.0,2.9960476584075653,2.9960476584075653,2.995365675868234,2.995365675868234,,,,,,,,,,,,
tune_dp_small,,0,C:\Users\Shrikar\fedguard-work\runs\tune_dp_small\20260926-201228_0,patchtst,unit,24,fedavg,sync,True,3.0,uniform,,,public,0.5119970601543654,0.016915103995506213,0.01661984684928772,0.01354678899813435,0.016527243120663452,0.47936229983391226,0.5459267172236986,0.014457638976293112,0.019883514780809367,679.9692440032959,2214.211227586093,124683520.0,0.015791789389491717,7.0,2.995176600407973,2.995176600407973,2.994444693058947,2.994444693058947,,,,,,,,,,,,
